ID,Subjectivity
23168,0.4624411865
30870,0.4144881611
85397,0.3523018263
21119,0.4707165463
6537,0.4224241901
